date,user_id,link
2021-01-17 13:27:41,nakamura_jun_ichi,https://www.instagram.com/p/CKIcsmhpUas/
2021-01-17 13:28:47,saku.rahoshi,https://www.instagram.com/p/CKIaey-n36U/
2021-01-17 13:29:51,hagumi.i,https://www.instagram.com/p/CKIZKS9gxOO/
2021-01-17 13:30:58,ikebukuro.east.sbc,https://www.instagram.com/p/CKIYKljgH3n/
2021-01-17 13:32:04,fuuka.kabara,https://www.instagram.com/p/CKIPLn9Avnb/
2021-01-17 13:33:11,anon_1001_,https://www.instagram.com/p/CKIOmysjlQV/
2021-01-17 13:34:17,michino_tomo33,https://www.instagram.com/p/CKINF_sA_oE/
2021-01-17 13:35:24,hagumi.i,https://www.instagram.com/p/CKIFFgtARVE/
2021-01-17 13:36:31,mayasaya1337,https://www.instagram.com/p/CKH_sXtlvzG/
2021-01-17 13:37:38,ninja_tesigoto_nadesico,https://www.instagram.com/p/CKH8VRjHmz9/
2021-01-17 13:38:44,kaiunistmakorin,https://www.instagram.com/p/CKH4gedLQbE/
2021-01-17 13:39:51,cooking_ojisan,https://www.instagram.com/p/CKH1fhGA976/
2021-01-17 13:40:56,rimoasu,https://www.instagram.com/p/CKH0dj4ggsp/
2021-01-17 13:42:02,hanaruri11,https://www.instagram.com/p/CKHsUathm_q/
2021-01-17 13:43:07,iso.mama,https://www.instagram.com/p/CKHpesSHADg/
2021-01-17 13:44:13,mashiyutaro,https://www.instagram.com/p/CKHXAffMo0C/
2021-01-17 13:45:19,akiko_kitago,https://www.instagram.com/p/CKHN2FTgFre/
2021-01-17 13:46:25,luna.kabara33,https://www.instagram.com/p/CKHKr2YgAUl/
2021-01-17 13:47:32,iso.mama,https://www.instagram.com/p/CKHIjXZnH2N/
2021-01-17 14:14:05,chibanyan88_food,https://www.instagram.com/p/CKIipyTh4jw/
2021-01-17 14:15:11,cat_ai_ia_tac,https://www.instagram.com/p/CKIesMNglEo/
2021-01-17 14:16:16,k.bangkok1225,https://www.instagram.com/p/CKIeK-5joZd/
2021-01-17 15:46:33,agu1227,https://www.instagram.com/p/CKIfuglAVng/
2021-01-17 15:47:39,shibako6911,https://www.instagram.com/p/CKIDzDqDRK5/
2021-01-17 15:48:44,mrn__si3,https://www.instagram.com/p/CKHIJ_IgeVU/
2021-01-17 16:00:13,rouge_rodrigo,https://www.instagram.com/p/CKIuz2sFkC_/
2021-01-17 16:00:54,cric_green92,https://www.instagram.com/p/CKIuttHl2cu/
2021-01-17 16:02:00,cricextreme,https://www.instagram.com/p/CKIuqivrH1b/
2021-01-17 16:03:07,edvinas5274,https://www.instagram.com/p/CKItGC8AOO4/
2021-01-17 16:04:14,statsbuzz,https://www.instagram.com/p/CKIsqpWDbYv/
2021-01-17 16:05:18,nbaboxscores,https://www.instagram.com/p/CKIqPril0VM/
2021-01-17 16:06:25,nhlhockeytalk_,https://www.instagram.com/p/CKIop0-A94t/
2021-01-17 16:07:30,covsnba,https://www.instagram.com/p/CKIm_tTrUt1/
2021-01-17 16:08:38,covsnba,https://www.instagram.com/p/CKIlH0FLYIT/
2021-01-17 16:09:47,covsnba,https://www.instagram.com/p/CKIkp-FrSYT/
2021-01-17 16:42:52,tsukaisuteraita,https://www.instagram.com/p/CKIxEeXlIFr/
2021-01-17 16:43:58,tsukaisuteraita,https://www.instagram.com/p/CKIxC9blQkl/
2021-01-17 16:45:04,tsukaisuteraita,https://www.instagram.com/p/CKItwhqFniq/
2021-01-17 16:46:10,tsukaisuteraita,https://www.instagram.com/p/CKItu8AFukC/
2021-01-17 16:47:15,tsukaisuteraita,https://www.instagram.com/p/CKIsAwzFCGx/
2021-01-17 20:27:00,nori198,https://www.instagram.com/p/CKIn8uzgHG4/
2021-01-17 20:28:06,hs053101528,https://www.instagram.com/p/CKIfaHfFEvL/
2021-01-17 20:29:12,rinrin__ns.phn,https://www.instagram.com/p/CKHz3YoDBug/
2021-01-17 20:30:19,nerimaru.life,https://www.instagram.com/p/CKHAKINBzmr/
2021-01-18 16:00:52,hyvedynamics,https://www.instagram.com/p/CKLVoqEAlNL/
2021-01-18 16:02:00,moviesbarcode,https://www.instagram.com/p/CKLVjQuFDFM/
2021-01-18 16:03:10,olivemicrosystems1,https://www.instagram.com/p/CKLVN6Dor18/
2021-01-18 16:04:19,robotronixindia,https://www.instagram.com/p/CKLVKpCMg6o/
2021-01-18 16:05:29,programming08,https://www.instagram.com/p/CKLU0CHgMtI/
2021-01-18 16:06:36,programming08,https://www.instagram.com/p/CKLUtvfAcHT/
2021-01-18 16:07:43,unqcoding,https://www.instagram.com/p/CKLUqSkDPyc/
2021-01-18 16:08:53,analyticsandstatisticsgold,https://www.instagram.com/p/CKLTntaA2Mv/
2021-01-18 16:10:05,instalanguage822,https://www.instagram.com/p/CKLTfqADZOu/
2021-01-18 16:11:14,fisheyebox,https://www.instagram.com/p/CKLTfLzsD53/
2021-01-18 16:27:33,shizuokachaen,https://www.instagram.com/p/CKLYBQVAOfK/
2021-01-18 16:28:44,greenfunding,https://www.instagram.com/p/CKLSIJjjxNU/
2021-01-18 16:29:33,rikkainuzaka,https://www.instagram.com/p/CKLIL6pAwbk/
2021-01-18 16:30:45,wakara_nagomi,https://www.instagram.com/p/CKLHebVHf1f/
2021-01-18 16:31:55,carin_essence,https://www.instagram.com/p/CKKzWQhMNgW/
2021-01-18 16:33:08,yamacyo_shin,https://www.instagram.com/p/CKKrTzzj-HJ/
2021-01-18 16:33:53,yuji5048,https://www.instagram.com/p/CKKGl6sLCCa/
2021-01-18 16:35:02,yuuuu__1225,https://www.instagram.com/p/CKJ5noSpsZH/
2021-01-18 16:36:11,ykmrayn411,https://www.instagram.com/p/CKJqPyenS7e/
2021-01-18 16:37:23,na__ch.jp,https://www.instagram.com/p/CKJd_RQLhWJ/
2021-01-18 16:38:33,ai_laboratory,https://www.instagram.com/p/CKJdLSfHPXM/
2021-01-18 16:39:42,makeyourdreamscometrue2021,https://www.instagram.com/p/CKJc1inJy5w/
2021-01-18 16:40:51,blue_green_3,https://www.instagram.com/p/CKJa7ytjxRl/
2021-01-18 16:42:03,laughingstock_3,https://www.instagram.com/p/CKJDTPuHMS4/
2021-01-18 16:53:42,wakara_nagomi,https://www.instagram.com/p/CKLHebVHf1f/
2021-01-18 16:55:07,homework_h1roo,https://www.instagram.com/p/CKK_7IVHNi4/
2021-01-18 16:56:17,homework_h1roo,https://www.instagram.com/p/CKK_6MdHDa3/
2021-01-18 16:57:26,homework_h1roo,https://www.instagram.com/p/CKK_5SiHHDM/
2021-01-18 16:58:35,homework_h1roo,https://www.instagram.com/p/CKK_4ZAncte/
2021-01-18 16:59:44,homework_h1roo,https://www.instagram.com/p/CKK_2lEnRIa/
2021-01-18 17:00:52,homework_h1roo,https://www.instagram.com/p/CKK_1nSnd67/
2021-01-18 17:02:01,homework_h1roo,https://www.instagram.com/p/CKK_0iXHdb2/
2021-01-18 17:03:09,homework_h1roo,https://www.instagram.com/p/CKK_ziHHeU4/
2021-01-18 17:04:18,homework_h1roo,https://www.instagram.com/p/CKK_yOxnX-u/
2021-01-18 17:05:28,pinterputtan,https://www.instagram.com/p/CKKjHXMlIhp/
2021-01-18 17:06:37,pinterputtan,https://www.instagram.com/p/CKKiy75lyqm/
2021-01-18 17:07:48,the_silkworms,https://www.instagram.com/p/CKJrt7kJHn4/
2021-01-18 17:08:55,rehablog,https://www.instagram.com/p/CKJQEIqgj24/
2021-01-19 19:47:30,ssrsystem,https://www.instagram.com/p/CKOUM2UHCt8/
2021-01-19 19:48:36,galaxy_code_plus,https://www.instagram.com/p/CKOUFiyATwJ/
2021-01-19 19:49:45,superintelligence_,https://www.instagram.com/p/CKOUE5vghuc/
2021-01-19 19:50:54,elextraterrestrespaul,https://www.instagram.com/p/CKOUDQ-MHUh/
2021-01-19 19:52:01,bang.data,https://www.instagram.com/p/CKOT_eFHA8j/
2021-01-19 19:53:09,rehan_databse,https://www.instagram.com/p/CKOT2i7FFog/
2021-01-19 19:54:16,data.building,https://www.instagram.com/p/CKOT17rDRaE/
2021-01-19 19:55:25,jimmicataxproservices,https://www.instagram.com/p/CKOT0Kzpg9D/
2021-01-19 19:56:31,advanceddiesel,https://www.instagram.com/p/CKOTwPAMdMc/
2021-01-19 19:57:40,magarnewsalligator,https://www.instagram.com/p/CKOTZ_EBjIO/
2021-01-19 19:58:47,tekgeminus,https://www.instagram.com/p/CKOTQu7A48t/
2021-01-19 19:59:53,digitalogycorp,https://www.instagram.com/p/CKOTNJkFfuq/
2021-01-19 20:01:01,elextraterrestrespaul,https://www.instagram.com/p/CKOTKYxgTOl/
2021-01-19 20:01:43,yazilimadresi,https://www.instagram.com/p/CKOSwkEAm2a/
2021-01-19 20:07:56,06wassan29,https://www.instagram.com/p/CKOWwYNL2_3/
2021-01-19 20:20:02,superscommesse,https://www.instagram.com/p/CKOXpCEFusr/
2021-01-19 20:21:10,infodenba,https://www.instagram.com/p/CKOXVCdlSvq/
2021-01-19 20:22:18,betassistantfr,https://www.instagram.com/p/CKOWd4KA3jz/
2021-01-19 20:23:00,_maps_world,https://www.instagram.com/p/CKOWzuYnfD2/
2021-01-19 20:24:07,forebet.predictions,https://www.instagram.com/p/CKOWzmelbmF/
2021-01-19 20:25:14,gbdhandball25,https://www.instagram.com/p/CKOWfZZgPjd/
2021-01-19 20:26:21,opta_paolo,https://www.instagram.com/p/CKOWXnGHBjo/
2021-01-19 20:27:28,patrycjajagna,https://www.instagram.com/p/CKOWDSAh8MR/
2021-01-19 20:32:05,linkersiot,https://www.instagram.com/p/CKOZM3THwog/
2021-01-19 20:33:12,lifeaticehouse,https://www.instagram.com/p/CKOY_cFnT0o/
2021-01-19 20:34:18,chabitaala,https://www.instagram.com/p/CKOY05-HrfG/
2021-01-19 20:35:26,iki_group,https://www.instagram.com/p/CKOYt2aj4Mb/
2021-01-19 20:36:34,flotillaiot,https://www.instagram.com/p/CKOYVXarmIB/
2021-01-19 20:37:41,mic_organisation,https://www.instagram.com/p/CKOYUhXMaEb/
2021-01-19 20:38:50,aubayfrance,https://www.instagram.com/p/CKOYPiKllNx/
2021-01-19 20:39:58,aerocoachuk,https://www.instagram.com/p/CKOYMTiFrB6/
2021-01-19 20:41:04,renatagferrazadvogada,https://www.instagram.com/p/CKOYCKCD1jV/
2021-01-19 20:41:46,neuman_aluminium,https://www.instagram.com/p/CKOX6Znlr2-/
2021-01-19 20:42:53,campaignmiddleeast,https://www.instagram.com/p/CKOX52npTMh/
2021-01-19 20:44:00,aidtmofficial,https://www.instagram.com/p/CKOXusLCZP4/
2021-01-19 20:45:04,aew_energie_ag,https://www.instagram.com/p/CKOXruqqIHs/
2021-01-19 20:46:10,etown_recruitment,https://www.instagram.com/p/CKOXnRVrVrU/
2021-01-20 00:59:22,springboardcourses,https://www.instagram.com/p/CKO31baAQcw/
2021-01-20 01:00:29,wyler_media,https://www.instagram.com/p/CKO3smSlGP3/
2021-01-20 01:01:36,did_u_knowthis,https://www.instagram.com/p/CKO3qvDAAxz/
2021-01-20 01:02:46,innovationincubator,https://www.instagram.com/p/CKO3kg6gx8J/
2021-01-20 01:03:52,welearnin,https://www.instagram.com/p/CKO3kUiMoAY/
2021-01-20 01:05:00,gp_pulipaka,https://www.instagram.com/p/CKO3bbqrvJ7/
2021-01-20 01:06:09,code_humorss_,https://www.instagram.com/p/CKO3Z4RBcYo/
2021-01-20 01:07:19,primeclasses_,https://www.instagram.com/p/CKO3J12gEf8/
2021-01-20 01:08:25,art_ofcode,https://www.instagram.com/p/CKO22W8g9Mi/
2021-01-20 01:09:36,thecybersecurityhub,https://www.instagram.com/p/CKO2xwUgvUr/
2021-01-20 01:10:45,mr.data_scientist,https://www.instagram.com/p/CKO2uzSnvx0/
2021-01-20 01:11:52,workplacedesignstudio,https://www.instagram.com/p/CKO2pL1B43J/
2021-01-20 01:12:58,a.i.india,https://www.instagram.com/p/CKO2W6JgKno/
2021-01-20 01:14:06,mlwithrish,https://www.instagram.com/p/CKO2UxaAfNv/
2021-01-20 15:20:59,angelicanoble18,https://www.instagram.com/p/CKQaVpBD47a/
2021-01-20 15:22:06,excelrsolutions,https://www.instagram.com/p/CKQaG4KA6ke/
2021-01-20 15:23:12,gp_pulipaka,https://www.instagram.com/p/CKQYfGpLCHF/
2021-01-20 15:24:20,daaridna,https://www.instagram.com/p/CKQYVYGsBkS/
2021-01-20 15:25:28,physics_the_king_of_science,https://www.instagram.com/p/CKQXejdDDx_/
2021-01-20 15:26:34,deeplearnings,https://www.instagram.com/p/CKQW77wgfsP/
2021-01-20 15:27:42,driftwoodnature,https://www.instagram.com/p/CKQVplkg6Xd/
2021-01-20 15:28:49,remote_executive_coach,https://www.instagram.com/p/CKQUErpHjzE/
2021-01-20 15:29:55,etftracker,https://www.instagram.com/p/CKQUAtipNvB/
2021-01-20 15:31:01,sccajman,https://www.instagram.com/p/CKQTzaKpODz/
2021-01-20 15:31:44,sccajman,https://www.instagram.com/p/CKQTxqOpU_f/
2021-01-20 15:32:25,nsicapital,https://www.instagram.com/p/CKQTACtoFaE/
2021-01-20 15:33:31,bellcourtproperty.southperth,https://www.instagram.com/p/CKQSxYXjugl/
2021-01-20 15:34:39,statisticsforyou,https://www.instagram.com/p/CKQSjHWqlmd/
2021-01-20 20:28:59,0324.__r,https://www.instagram.com/p/CKQ8yKOAlLX/
2021-01-20 20:29:39,yasu_study06,https://www.instagram.com/p/CKQ63rIl88e/
2021-01-20 20:30:22,math_channel_official,https://www.instagram.com/p/CKQ6r8ahGf-/
2021-01-20 20:31:28,yoshikosennsei.fuji,https://www.instagram.com/p/CKQ5xpiJDaB/
2021-01-20 20:32:38,chugaku_eisu_ryota,https://www.instagram.com/p/CKQ5YYmDpXL/
2021-01-20 20:33:45,yunamai.official,https://www.instagram.com/p/CKQ439xjfzK/
2021-01-20 20:34:53,isoisokonsaru,https://www.instagram.com/p/CKQ4thrgOmR/
2021-01-20 20:36:02,root_gallery_sugaku,https://www.instagram.com/p/CKQ4qlnA9JJ/
2021-01-20 20:37:12,asagi_studying,https://www.instagram.com/p/CKQ3swtAZN3/
2021-01-20 20:38:17,nikka.math.school,https://www.instagram.com/p/CKQ3Jl-AVMj/
2021-01-20 20:39:25,rapeblossoms_04,https://www.instagram.com/p/CKQ0_qsBXm1/
2021-01-20 21:30:03,ai_laboratory,https://www.instagram.com/p/CKQ3QFTHwlb/
2021-01-20 21:31:12,homework_h1roo,https://www.instagram.com/p/CKQPZl2HdF4/
2021-01-20 21:32:18,homework_h1roo,https://www.instagram.com/p/CKQPYisHgev/
2021-01-20 21:33:27,homework_h1roo,https://www.instagram.com/p/CKQPXfZne-1/
2021-01-20 21:34:35,homework_h1roo,https://www.instagram.com/p/CKQPWO5nAyG/
2021-01-20 21:35:43,homework_h1roo,https://www.instagram.com/p/CKQPVFMH69b/
2021-01-20 21:36:50,homework_h1roo,https://www.instagram.com/p/CKQPUIdHWxw/
2021-01-20 21:37:56,homework_h1roo,https://www.instagram.com/p/CKQPTEtHGut/
2021-01-20 21:39:05,homework_h1roo,https://www.instagram.com/p/CKQPSBAHpGm/
2021-01-20 21:40:19,homework_h1roo,https://www.instagram.com/p/CKQPQL5nXnO/
2021-01-20 22:17:03,onii_oficial,https://www.instagram.com/p/CKRKOaUlkNP/
2021-01-20 22:18:10,la_miiire,https://www.instagram.com/p/CKRKNeAFdaD/
2021-01-20 22:19:19,inocrowd,https://www.instagram.com/p/CKRKMbhs4E4/
2021-01-20 22:20:26,belpy21,https://www.instagram.com/p/CKRKL7lF1TW/
2021-01-20 22:21:33,object1ve.mkt,https://www.instagram.com/p/CKRKK84stMq/
2021-01-20 22:22:41,swotech,https://www.instagram.com/p/CKRKK7-ATJf/
2021-01-20 22:23:48,phenix_labs,https://www.instagram.com/p/CKRKBB2rwFL/
2021-01-20 22:24:55,anxiousbaby3.14,https://www.instagram.com/p/CKRJ-7DnDV4/
2021-01-20 22:26:03,qanttic,https://www.instagram.com/p/CKRJ98dBnw3/
2021-01-20 22:27:12,greed.cat_,https://www.instagram.com/p/CKRJ8i4lXq4/
2021-01-20 22:28:18,eng.nareman_az,https://www.instagram.com/p/CKRJvlkDRy-/
2021-01-20 22:29:02,eat_ma_life,https://www.instagram.com/p/CKRJ2uuFnS2/
2021-01-20 22:30:12,andrsonmusic,https://www.instagram.com/p/CKRJqqbng8s/
2021-01-20 22:30:56,melbell52,https://www.instagram.com/p/CKRJxMHJenB/
